brand_ko,brand
고싸머 기어,GOSSAMER GEAR
고파미르,Go-Pamir
꼴로르,COLOR
나인스토리,NINE STORY
나이스캠프,NICE CAMP
나이트캣,NightCat
네이처하이크,Naturehike
노마드,Nomad
노르디스크,NORDISK
노스페이스,The North Face
노스피크,NORTHPEAK
노바,NOVA
노르텐트,Nortent
니모,NEMO
다이노라인,Dino Line
더 캠퍼,The camper
더벤,The Ben
도이터,Deuter
도쿄크래프트,TOKYO CRAFT
도플갱어아웃도어,DOPPELGANGER OUTDOOR
듀랑고,DURANGO
디카트론,Decathlon
라온제나,LAONJENA
라프마,Lafuma
렉스턴,LEXTON
로그너스,Logness
로베르토,Roverto
로고스,LOGOS
루메나,LUMENA
마모트,Marmot
마운트리버,MOUNTRIVER
마운틴스토리,Mountain Story
마운틴하드웨어,Mountain Hardwear
마무트,Mammut
메그너스,Magnus
몽벨,Montbell
몬테라,MONTERA
미니멀웍스,Minimal Works
미노스 아웃도어,Minos Outdoor
미소스,MYTHOS
반고,Vango
백컨트리,Backcountry
버팔로,Buffalo
버닝칸,BurningKan
브런스카일,Brunskyll
블랙다이아몬드,Black Diamond
블랙야크,Black Yak
빈슨메시프,Vinson Massif
빅아그네스,Big Agnes
스노우라인,SNOWLINE
스노우피크,Snow Peak
스위스 알파인클럽,SWISS ALPINE CLUB
스카이캠프,SkyCamp
스카이라인,Skyline
스파이더코,Spiderco
스태고,Stago
스프링바,Springbar
실반 스포츠,SYLVAN SPORT
씨에라 디자인,Sierra Designs
씨투써밋,Sea to Summit
쏘쿨,SSO COOL
아베나키,Abenaki
아웃도어프로덕츠,Outdoor Products
아웃웰,Outwell
아크테릭스,Arc'teryx
아이두젠,Idoogen
아이시니,Aisyny
알프스마운티니어링,Alps Mountaineering
어반사이드,Urbanside
어반포레스트,Urbanforest
어썸홀리데이,Awesome Holiday
엑스퍼트캠핑,Expert Camping
에르젠,ERZEN
에코숲라이프,Ecosoop Life
엠에스알,MSR
오그리오,Ogreo
오두막,ODUMAK
오즈트레일,Oztrail
오지캠핑,OgCamping
오투라이프,O2LIFE
오토캠프,AutoCamp
오토홈,Autohome
오가와,Ogawa
와일드랜드,Wildland
웨스트필드아웃도어,Westfield Outdoor
위글위글,WiggleWiggle
위모캠,Wimoccamp
위오,WIIO
이지캠프,EasyCamp
제로그램,ZEROGRAM
젠파이어,Jenfire
조아캠프,JoaCamp
지라프,Giraffe
지프,Jeep
칼루스,Kalus
카고 컨테이너,Cargo Container
카즈미,KZM
캠프마스터,Campmaster
캠프문,Camping Moon
캠프밸리,Campvalley
캠프온,CampOn
캠프파이브,Campfive
캠프프로,CampPro
캠프필드,Campfield
캠프타운,Camptown
캠프닉,Campnik
캠핑클럽,CampingClub
코멧 아웃도어,Komet Outdoor
코베아,KOVEA
코오롱 스포츠,KOLON SPORT
콜맨,Coleman
퀘츠알,Quechua
크루즈,Cruise
크레모아,CREMOR
킹캠프,KingCamp
첨스,CHUMS
타프앤쉘터,Tarp & Shelter
테토라,Teton Sports
토마고,Tomago
툴레,Thule
트랑고,Trango
트레일헤드,Trailhead
파타고니아,Patagonia
패스트캠프,Fastcamp
폴러스터프,Poler Stuff
포몰리,Pomoly
프리소울,FreeSoul
프리즘,Prism
필드앤스트림,Field & Stream
하드기어,HARDGEAR
하이캠프,HighCamp
하이퍼캠프,Hypercamp
하이브로우,Hibrow
헬리녹스,Helinox
헬로스,HELLOS
헬스포츠,Helsport
홀리데이,HOLIDAY
홀리마운틴,Holy Mountain
힐레베르그,Hilleberg
힐맨,Hillman
